{"Away":{"noun":{"mse":2.4518919723,"rho":0.0294309105},"adj.":{"mse":4.1996943867,"rho":0.1356155659},"verb":{"mse":2.3493616427,"rho":-0.0085081511}},"Surprised":{"noun":{"mse":4.3992321693,"rho":0.080694991},"adj.":{"mse":6.9740834706,"rho":-0.3135190275},"verb":{"mse":6.1610287002,"rho":-0.2895144702}}}