{"Away":{"noun":{"mse":2.4209310593,"rho":-0.1359506123},"verb":{"mse":2.0290782635,"rho":0.0624392144},"adj.":{"mse":3.5943087638,"rho":-0.2675642898}},"Surprised":{"noun":{"mse":3.0453974131,"rho":0.0627678297},"verb":{"mse":3.5533635613,"rho":0.0337881019},"adj.":{"mse":4.6175676052,"rho":0.263285759}}}