{"Away":{"noun":{"mse":25.8175021609,"rho":-0.0735863426},"adj.":{"mse":38.4535466729,"rho":0.1591128111},"verb":{"mse":26.4347207725,"rho":0.2258899499}},"Surprised":{"noun":{"mse":14.5538671157,"rho":-0.0584238668},"adj.":{"mse":9.9968146271,"rho":-0.2635949705},"verb":{"mse":14.9610540123,"rho":-0.2691689461}}}