{"Away":{"noun":{"mse":5.943288367,"rho":0.1340885828},"verb":{"mse":2.6797973115,"rho":0.0124211521},"adj.":{"mse":8.8812899593,"rho":-0.2970236951}},"Surprised":{"noun":{"mse":18.7792199901,"rho":-0.1003528528},"verb":{"mse":21.3977036953,"rho":-0.0045013754},"adj.":{"mse":28.8437862701,"rho":-0.1539629525}}}