	mse	rho
BERT	0.33708566103706833	0.7973132193647934
mBERT	0.5154129618358533	0.7531061208337533
GPT2	0.36535782264125394	0.800688718997894
mGPT	1.147436963938921	0.6603980736709355
