	mse	rho
BERT	0.3396873444648645	0.8035535092284375
mBERT	0.4616158690468966	0.7760384785011374
GPT2	0.44174346369081674	0.7589317748822237
mGPT	1.2582338863132931	0.6254879244717602
